000596f9-cede-48bb-af79-ebe5dda73626	00000000-0000-0000-0000-000000000000	7ad3c5a0-9c7e-4a99-ab9e-5d210993181a	false	7615	2025-11-09 15:28:00.97803
00977e93-a932-4761-bbb5-247295559276	00000000-0000-0000-0000-000000000000	74b8cbf1-0781-4240-955f-9f347d77719f	false	18346	2025-11-12 13:40:18.871332
01397553-9eef-4800-8068-b1bcc8153565	00000000-0000-0000-0000-000000000000	f638cc89-63eb-4607-85f2-e07fc8a7675a	false	60403	2025-11-26 12:59:41.958995
01a4d635-7a61-4a0d-9a2f-55586b580582	00000000-0000-0000-0000-000000000000	d9d45c2a-fc95-4e99-bed7-fe1a46e03453	false	20736	2025-11-14 14:59:33.115112
01af143a-b015-40f8-a459-a20ced5e675f	00000000-0000-0000-0000-000000000000	214405a8-cc68-46cb-9958-b69506f791bc	false	9469	2025-11-22 01:04:05.238932
03d4ccf6-2617-4d8b-b780-0c59ffda4626	00000000-0000-0000-0000-000000000000	d616efa2-34fb-461d-86c6-276159db3f0c	false	22729	2025-11-09 14:14:24.749392
07e35ed2-24ec-48a8-bff2-d1ddf840edc2	00000000-0000-0000-0000-000000000000	5eeb0fb7-6a6b-4683-9aa3-44ae63915bb9	false	7052	2025-11-10 11:22:54.698359
0a8f291d-59c3-425b-ad8c-9f9732f1cdd9	00000000-0000-0000-0000-000000000000	370a3768-6c88-4642-bcaa-c485b1b909c1	false	2062941	2025-11-09 12:42:35.173445
11db0a2a-9823-4bb6-9174-deeb53b368b6	00000000-0000-0000-0000-000000000000	f638cc89-63eb-4607-85f2-e07fc8a7675a	true	39159	2025-11-21 17:21:06.963199
11ef958d-ddde-4935-92a9-d528a42069d3	00000000-0000-0000-0000-000000000000	b76d1c9a-b3f4-41f5-8800-b1cf7bd8d87f	false	36943	2025-11-22 01:05:48.404061
139a8a46-4eb1-4530-867f-11acae510274	00000000-0000-0000-0000-000000000000	247bdc57-0e9a-4a0d-b220-0fe234543c47	false	9812	2025-11-22 01:10:29.415097
149c3fde-7d40-4b06-8b0c-1f41657b8d4a	00000000-0000-0000-0000-000000000000	d1946525-45be-44ca-8c27-bd38ea7b11ac	false	21844	2025-11-21 17:16:08.728134
15758b5f-ff5e-4782-85c6-accf7f6bed85	00000000-0000-0000-0000-000000000000	159277c4-6d53-4ac3-a99c-103f8da76515	true	9447	2025-11-26 12:36:35.269588
15908b7e-9069-48f8-8135-bdb4f55c847e	00000000-0000-0000-0000-000000000000	7823ca16-5c2b-45fa-b26d-8a5b58fc45c3	false	229649	2025-11-22 01:10:04.740942
15b98f98-5cbc-42e1-9633-4ab03db586f5	00000000-0000-0000-0000-000000000000	1ff4e6db-2004-42ea-8bf1-35e6f969a7a2	true	5147	2025-11-21 17:20:27.710126
192d78b4-a991-4338-a4b1-c0062f9a7086	00000000-0000-0000-0000-000000000000	dab39aac-9bb3-45fa-b01b-5dbf3f1bed4b	false	24936	2025-11-23 11:27:38.173172
1e843698-47a4-4557-bbc8-6cb6873b4767	00000000-0000-0000-0000-000000000000	b6e77b96-f2c8-4ab7-a44a-4703517118e6	false	943	2025-11-09 15:28:25.239425
20120046-7760-4589-8be4-a0d84ab57337	00000000-0000-0000-0000-000000000000	985a8111-a5f5-4c1a-89a7-400bd709390a	false	23623	2025-11-12 13:42:01.077416
204a0a27-caa1-4abf-b021-866e282f16f1	00000000-0000-0000-0000-000000000000	3f8f78d3-4789-4f4a-a551-f0668f47b6aa	false	26219	2025-11-14 16:59:10.070253
290f5a53-46ba-47d9-aa28-865b74dda61b	00000000-0000-0000-0000-000000000000	a39bd779-722c-488a-b44f-64478a396ae9	false	93345	2025-11-09 15:21:32.271054
2c4fef8a-1f68-48d8-b99a-92396fbea63e	00000000-0000-0000-0000-000000000000	2919d2a0-0508-4913-9d8f-1a9a4e566972	false	242828	2025-11-14 14:51:44.800236
2d13d5b1-745a-4492-b362-566f2239e7f8	00000000-0000-0000-0000-000000000000	2c60ecbd-b328-4dfb-8501-b409263029d2	false	28195	2025-11-14 14:46:56.081135
2e6e18ff-e9e1-4be3-9ff8-a5ef6f907a9a	00000000-0000-0000-0000-000000000000	7fc0467d-5df1-4389-b216-4f2f534e7513	false	58064	2025-11-09 14:20:45.369567
31ab5888-9a85-4b10-9bd8-60d335b1d569	00000000-0000-0000-0000-000000000000	eb880901-7583-48e0-a2c9-a5c8c2a51f54	false	9794	2025-11-21 17:15:28.698226
326dafc3-99f4-48a0-a2bb-17a527112eeb	00000000-0000-0000-0000-000000000000	629ca8a2-0c9b-4e9f-833e-8ebb418c6712	false	9460	2025-11-17 00:57:24.567743
33f8c8b8-2fc5-4017-a4d6-6cd73bc7fa23	00000000-0000-0000-0000-000000000000	e366329d-6fde-480e-84dd-8342cb509d95	false	18616	2025-11-26 12:36:54.030382
34380285-c068-4ba8-8fc4-0ba5081f0d5c	00000000-0000-0000-0000-000000000000	ce2ea147-552d-4625-b26e-3b42818e95da	true	10547	2025-11-21 17:22:04.451471
34fa24d7-9ae3-4eda-92d7-3d1572005920	00000000-0000-0000-0000-000000000000	2478577a-3af8-4b0b-bb5e-4980e12f8093	false	33050	2025-11-09 14:19:47.196493
38f9589b-e6f4-4368-8013-caa44e0cb9ab	00000000-0000-0000-0000-000000000000	891b75a3-ba62-4ec1-bb8b-bd276bd3089c	false	82455	2025-11-22 01:01:49.418063
3a1bb540-7577-4930-a811-79a14f2b1470	00000000-0000-0000-0000-000000000000	9580373f-725b-41dc-bcc4-3519eba501f3	false	5013	2025-11-09 14:43:24.143047
3a2de972-d16a-4982-af59-e5093c5ff90e	00000000-0000-0000-0000-000000000000	9e0eb60b-8e97-415b-849e-fccdfb955c9f	true	14093	2025-11-26 12:46:09.277542
3ebeff0d-5830-4ab1-8e98-668dd0a1cd65	00000000-0000-0000-0000-000000000000	8ab133bb-d08c-4233-a5dd-63080b4dfa22	false	19387	2025-11-21 17:17:40.872472
3fdaef85-f5a9-4f10-8575-ccc9359996af	00000000-0000-0000-0000-000000000000	d6a90c71-da99-4dc9-87a6-2a50b7247f97	false	24415	2025-11-14 15:25:34.011789
4017cfc6-0fe3-46b3-b7c0-b41a4b9e75cf	00000000-0000-0000-0000-000000000000	74b32f4f-de3a-4add-981f-3cc47cb284b6	false	13136	2025-11-21 17:21:20.204694
448c74ef-0c88-49d4-9eea-1c5f24206e0a	00000000-0000-0000-0000-000000000000	22f3ba9d-2c3f-4a91-96ab-581694762082	false	11975	2025-11-23 11:27:50.196142
4760c06d-3bf4-4276-8bc0-54aa79eed710	00000000-0000-0000-0000-000000000000	7f732d11-f962-41ff-a41d-e412fb4dcf32	false	7469	2025-11-12 13:42:48.548758
4a15514b-49c2-4d62-9235-3fc75bc8cce0	00000000-0000-0000-0000-000000000000	cceefd7b-0f8f-424e-9f26-f29a13c7178c	true	15459	2025-11-09 15:28:47.421983
4e879551-b3af-4b7c-b7c1-adcd4ad59baa	00000000-0000-0000-0000-000000000000	9a19e7b2-9787-4921-addb-49748c89030e	true	37286	2025-11-14 14:25:33.864649
5046dd68-c908-4e17-8cb5-40cc369328b6	00000000-0000-0000-0000-000000000000	22f016db-d607-4ac1-ab47-adb14de0e934	false	3443	2025-11-09 14:46:44.174996
52e6bedd-e2ba-49b4-9f2c-5af65cc39c6a	00000000-0000-0000-0000-000000000000	e6f4c069-57ef-4f42-986c-79ba125fe3fb	false	18946	2025-11-17 00:57:43.58209
5d9e741e-4155-4130-b056-f645174b12fe	00000000-0000-0000-0000-000000000000	8a7e682b-6cdb-4c24-b5cf-7884628bb703	false	406645	2025-11-09 15:38:03.720829
5ef87685-0b56-4ed0-933a-049d0f5d690b	00000000-0000-0000-0000-000000000000	ec700e5a-0699-41c5-b422-6171530f829a	false	26349	2025-11-22 01:00:26.881461
5f620f0e-6afd-467e-bcfc-9d764e192664	00000000-0000-0000-0000-000000000000	247bdc57-0e9a-4a0d-b220-0fe234543c47	false	19499	2025-11-21 17:18:00.519838
5f992551-9346-43c5-bbf8-0422390e3b5d	00000000-0000-0000-0000-000000000000	7a2b1a8b-2928-4402-8ba0-4c4d3bd3bc67	false	16192	2025-11-12 13:38:54.203024
60dbc4a8-ed2e-4fd0-982c-2fba97ec3f17	00000000-0000-0000-0000-000000000000	b9c37fea-4d5c-4a76-8d73-5eb0048764f6	false	13861	2025-11-22 01:06:02.353314
61db4709-7cc7-4a8f-844a-79510eb3a8a8	00000000-0000-0000-0000-000000000000	d1946525-45be-44ca-8c27-bd38ea7b11ac	false	40376	2025-11-22 01:05:11.335258
6279c22c-1440-4c58-ab9e-dddfb7367086	00000000-0000-0000-0000-000000000000	cbdcd9b6-df11-40ec-9f4f-3dc40d4150aa	true	10073	2025-11-21 17:21:53.79935
635ae312-16d3-49ca-b6ec-6cb0371fa231	00000000-0000-0000-0000-000000000000	e20219a4-033e-48ec-bc04-1d3175d5bede	false	15732	2025-11-12 13:33:07.8054
635f7ce3-6b75-4820-979f-5ab2f24b909e	00000000-0000-0000-0000-000000000000	58244f81-d4ec-4304-a018-d86393f73691	false	2703	2025-11-09 15:19:43.674725
6d1babf1-a8f4-4771-b495-5b6417a747f4	00000000-0000-0000-0000-000000000000	e0a7f46e-e831-48d0-a268-3690bc7be9b3	false	28751	2025-11-12 13:49:18.338299
71459557-95e0-467c-be71-f5c9493cf0d1	00000000-0000-0000-0000-000000000000	43350d8a-8eb9-45d1-bc7b-f5ed004576f6	false	3090	2025-11-09 15:18:38.037473
71dc5c26-0678-4825-b10c-ebe24028b056	00000000-0000-0000-0000-000000000000	61f7693b-c532-4752-ab97-e07e6f7ea735	false	10318	2025-11-12 13:42:41.0217
71f799b4-9015-43fa-9a7e-d6fe863861c4	00000000-0000-0000-0000-000000000000	670470f5-94a4-41e7-a99a-d9cd091d7857	false	15651	2025-11-12 13:48:49.485259
72047dc3-9ade-4e22-8fc0-6f24684ef90d	00000000-0000-0000-0000-000000000000	126c62af-cf40-4649-a634-06d7770f7443	false	22604	2025-11-22 00:59:27.260258
7470f332-c680-4ff0-9ce6-83f59ad12a36	00000000-0000-0000-0000-000000000000	be53772a-77f5-42d0-bc09-c69312ee7469	false	15108	2025-11-17 00:58:30.529139
75a8f2c0-7a8c-43e7-b0d3-9fb0ebb004be	00000000-0000-0000-0000-000000000000	05cd5cd0-1def-4d0a-a0c0-fe0f7cff55be	false	38400	2025-11-09 14:15:03.218707
765745c4-e079-4059-bcef-bbc84cac8e48	00000000-0000-0000-0000-000000000000	37546168-2fbb-4d1e-b2e7-0097d0ee3038	false	4567	2025-11-09 15:11:31.027622
7afea931-633b-4d30-b0aa-4ecc3e73d7d0	00000000-0000-0000-0000-000000000000	b53cd730-3a8a-4753-98fc-db7b9a79a655	true	25998	2025-11-10 10:52:29.946654
7bddf856-4211-4344-9cb9-4b802686940a	00000000-0000-0000-0000-000000000000	ef172a73-f588-42ab-97bb-3af74bb505f8	false	15178	2025-11-12 13:33:23.066173
7bfb43e9-00f5-4a92-a185-8fd2b7b5225f	00000000-0000-0000-0000-000000000000	eb880901-7583-48e0-a2c9-a5c8c2a51f54	false	125897	2025-11-22 01:03:55.44195
8015963f-7ef1-44e8-b74c-80a7d874ec1c	00000000-0000-0000-0000-000000000000	35c65f71-73f4-4122-806e-2a4e1f92c996	false	23523	2025-11-21 17:17:13.237136
804b034d-7fee-48ff-8e80-e3bc341262fb	00000000-0000-0000-0000-000000000000	35c65f71-73f4-4122-806e-2a4e1f92c996	false	12577	2025-11-22 01:06:15.024772
818b49d5-4823-4c43-9de8-de29bf308e7e	00000000-0000-0000-0000-000000000000	9e0eb60b-8e97-415b-849e-fccdfb955c9f	true	15684	2025-11-21 17:19:51.567787
821604db-0731-4765-a776-b6270274c8c6	00000000-0000-0000-0000-000000000000	e366329d-6fde-480e-84dd-8342cb509d95	true	24381	2025-11-21 17:19:35.793726
865dfb5b-86bc-46e9-8a7f-4c609a6da7a6	00000000-0000-0000-0000-000000000000	7cebe74b-474a-4b25-b283-81b198953f9a	false	27215	2025-11-15 02:02:19.848445
871e00b3-9d3f-4682-84b6-ff619bb8cd50	00000000-0000-0000-0000-000000000000	7823ca16-5c2b-45fa-b26d-8a5b58fc45c3	false	8117	2025-11-21 17:17:21.407845
89aab364-e794-4574-a02e-264e2c6ed3cb	00000000-0000-0000-0000-000000000000	db431595-5137-4230-9cd4-26719c6d7bf0	false	9201	2025-11-17 00:58:15.383795
8c9e1260-34b4-47ec-85d9-e26624ac8438	00000000-0000-0000-0000-000000000000	d3db86d5-1aa7-4898-a3f5-ce72fe6ea544	false	29476	2025-11-12 13:36:16.971746
8d9b1586-67a5-431a-99b5-a2b9ddb671c8	00000000-0000-0000-0000-000000000000	c76e5963-a7d7-4c9d-8776-931d7e79a6f7	false	32503	2025-11-14 15:54:28.386213
93a68d77-da5f-44fd-ae69-69bb7898172f	00000000-0000-0000-0000-000000000000	126c62af-cf40-4649-a634-06d7770f7443	false	31188	2025-11-21 17:14:20.148465
946d8494-957d-4735-8ed2-8dc88af7aeeb	00000000-0000-0000-0000-000000000000	62b2b2e8-0b65-4d8d-bffa-e5b49274823f	false	8868	2025-11-21 17:15:46.771834
9775a734-a3f7-4f86-8f64-8bd35e904f69	00000000-0000-0000-0000-000000000000	fdd18818-274c-449a-a946-f5a433b5cb93	false	27381930	2025-11-22 00:59:04.547767
995c3906-853c-4b8e-b6ad-ea6378b4dbc3	00000000-0000-0000-0000-000000000000	7d907cb5-a74d-4a69-9301-a62ee1148835	false	13892	2025-11-26 13:00:07.356585
9a47ca47-17e9-4624-9a82-d2afb8bf60d3	00000000-0000-0000-0000-000000000000	0bc60096-bc14-48dd-9116-39e6b7c4fd00	false	22188	2025-11-12 12:25:49.232532
9c6c0b67-2070-4525-9837-fe8f95637b89	00000000-0000-0000-0000-000000000000	a1b1788b-6095-4ac1-82a5-2731dc2f2653	true	33054	2025-11-22 01:00:00.434427
9c9f7a7f-0a8e-4c6f-9e88-64afa13536fe	00000000-0000-0000-0000-000000000000	35e744ea-cfbc-434c-9882-144d5ecbd531	false	10697	2025-11-17 01:02:57.308574
9e9513ed-e654-404e-8548-989fce7d9964	00000000-0000-0000-0000-000000000000	205037d7-0b58-45a3-8902-f8a391b931b7	false	20347	2025-11-14 15:00:18.363338
9f4270c0-d814-4234-a313-e90e5c905d88	00000000-0000-0000-0000-000000000000	ec6e5f6e-ff35-4020-b4d1-f0dbab93c0e8	false	21592	2025-11-14 16:57:43.203127
a2263381-e01e-4d31-8dc1-eede507d6155	00000000-0000-0000-0000-000000000000	b10284b0-3cc5-4b03-8f42-75d077745bae	true	15088	2025-11-09 14:09:13.804838
a2b47d99-4320-4be9-b933-011ee6e7c742	00000000-0000-0000-0000-000000000000	96546a1f-d5b6-4e9a-8470-6a8f34795c13	true	40837	2025-11-10 11:28:53.570757
a31096de-2b2e-42dd-a31b-59716ac867dc	00000000-0000-0000-0000-000000000000	058a98ab-8532-41ae-87ce-f9403d002340	true	16133	2025-11-09 15:21:59.696952
a4787d19-125e-4910-9d5f-4d757224bbd5	00000000-0000-0000-0000-000000000000	26e08bc9-39bc-4e3e-aa43-f07368313eb2	false	16829	2025-11-12 12:26:06.207692
a5b29d00-a47b-4387-b190-313d7dfbbe45	00000000-0000-0000-0000-000000000000	ec700e5a-0699-41c5-b422-6171530f829a	false	26063	2025-11-21 17:15:05.645355
a8855e81-30b5-4b94-a2b9-03552ecae63c	00000000-0000-0000-0000-000000000000	844a9adc-6f37-4658-ac92-357ea01674b6	false	3960	2025-11-09 14:43:17.081691
ad916482-35d2-491f-b3f5-ae4b68658afa	00000000-0000-0000-0000-000000000000	8c24a292-494e-4ef1-ad30-b5f3db362487	false	14113	2025-11-12 13:46:00.845725
b048b81f-941e-4b79-8acb-42912dddc636	00000000-0000-0000-0000-000000000000	3650fe7b-dd42-4040-9e72-fdb2d60a4335	false	15010	2025-11-23 11:27:13.128737
b2ad4d94-e68b-4455-bfeb-2d3d89f4fea7	00000000-0000-0000-0000-000000000000	18303b11-ad7d-4053-af9c-fbe758abf0d0	false	4320	2025-11-09 15:18:51.648496
b3395c0c-d587-4979-a32f-19cd2e786da7	00000000-0000-0000-0000-000000000000	74b32f4f-de3a-4add-981f-3cc47cb284b6	false	12215	2025-11-23 11:28:02.491222
b80aa864-17dd-4147-a2d1-278271259f63	00000000-0000-0000-0000-000000000000	80635053-b5ae-491d-ac16-1640269fadb1	false	29446	2025-11-12 13:42:30.625253
bb12dcf3-4842-4c74-a9de-7054a868f5c6	00000000-0000-0000-0000-000000000000	aa2b358a-3ad1-441e-9c17-096fc0adbd5b	false	25367	2025-11-14 15:01:22.17303
bbb18e07-cf05-44aa-be0e-044dcdf70060	00000000-0000-0000-0000-000000000000	68a97d41-043d-49d8-a762-fcc6cdbff937	false	42742	2025-11-14 14:59:12.321614
bbb1e67e-4fdc-46e5-be16-1b8dda28eaf2	00000000-0000-0000-0000-000000000000	7e2bc890-2e2e-434c-937e-7da005bc670d	false	10037	2025-11-26 13:01:02.636654
bd1b59b9-abda-4f3c-b764-875a4475bdb4	00000000-0000-0000-0000-000000000000	e30f2388-a53d-4520-88b1-97a3936d7bba	false	6181	2025-11-09 15:04:17.844529
be1902ef-0b77-4b52-91ce-1a0ef58f4a1b	00000000-0000-0000-0000-000000000000	20ec60eb-27b2-4db8-a26a-1e89d0786408	true	111138	2025-11-09 15:30:46.395702
c44d7b90-6cb6-48bc-946d-544a04f03f6d	00000000-0000-0000-0000-000000000000	20da6d5b-541f-42d6-bd01-2daacf1e69fb	false	4139	2025-11-09 15:28:19.700513
c5649bd8-2b49-4cdd-8e3f-c598104d094a	00000000-0000-0000-0000-000000000000	634ab040-5ead-4a73-8113-9302824b0f36	false	33790	2025-11-14 13:42:33.135848
c5f2072c-392c-4e9a-b410-5d7567fed428	00000000-0000-0000-0000-000000000000	9e8cb26e-1875-4564-9c11-624b91de6cae	true	19579	2025-11-12 13:23:55.098856
c67198ae-a9a1-4f4b-a83d-63ccb32362b0	00000000-0000-0000-0000-000000000000	6dc1b39f-af0e-46c5-a7d8-1000a5eba620	true	41040	2025-11-10 10:51:50.685643
c737ad85-aeaa-4e0e-866b-3b3c2b996819	00000000-0000-0000-0000-000000000000	91a55af4-2d15-4d9a-8079-b4bf1c6cb815	false	3055	2025-11-09 14:43:29.260402
cca4ab4e-4098-4707-bc19-0c5eb744c90b	00000000-0000-0000-0000-000000000000	ca397f0c-a720-4a6a-adfa-3f12e460f59d	true	40254	2025-11-09 12:43:15.510179
ced7721d-6ec8-41cc-8590-99b7e24fad7d	00000000-0000-0000-0000-000000000000	126c62af-cf40-4649-a634-06d7770f7443	false	16229	2025-11-19 15:21:08.654279
cef1d206-a0d6-4d7d-a520-ae963217eceb	00000000-0000-0000-0000-000000000000	079a4abc-9103-4514-b268-6757af4d90d2	false	34873	2025-11-14 14:52:19.755134
d0c292dd-c76c-4b29-b36b-b03a40157252	00000000-0000-0000-0000-000000000000	ea65f0c7-d3d9-4a22-a3c1-0bc721602263	false	7513	2025-11-14 16:58:43.794968
d16b71e9-b500-4867-857c-9e42ca1e0fde	00000000-0000-0000-0000-000000000000	a1b1788b-6095-4ac1-82a5-2731dc2f2653	true	16670	2025-11-19 15:21:25.385508
d18b6227-25dd-479f-95bb-ca99c242ad3f	00000000-0000-0000-0000-000000000000	083183bb-601c-4069-9991-7b2aa6ffc02c	false	21956	2025-11-15 02:02:41.873818
d28eb27c-b196-4391-95b4-bca87dee5d52	00000000-0000-0000-0000-000000000000	cf041488-5710-4858-af93-122513403871	false	22480	2025-11-17 00:58:06.117928
d31b0c98-0245-413b-8693-23a804d16e64	00000000-0000-0000-0000-000000000000	e90c3508-7bb3-4ed8-a7a9-da957ee58ee6	false	20151	2025-11-16 10:51:17.26358
d40f3cbf-ada8-48b9-a601-4a8357c193a1	00000000-0000-0000-0000-000000000000	c6b704a6-a19b-4f15-9fc3-8efbefd3c778	false	21397	2025-11-14 16:59:31.517303
d49e3f97-808c-4693-b68c-a008bd990767	00000000-0000-0000-0000-000000000000	de32853f-e3e5-482d-a277-4db6d60fe7f3	false	7450	2025-11-09 15:30:58.560524
d776a5a9-7cd2-4cb7-be72-7df8889c5341	00000000-0000-0000-0000-000000000000	0af67bbc-31a5-4154-8c5e-47a825056ba0	false	10124	2025-11-09 15:11:23.371193
d881cf95-2387-4aaa-b95e-c3012fc954d2	00000000-0000-0000-0000-000000000000	dab39aac-9bb3-45fa-b01b-5dbf3f1bed4b	false	14217	2025-11-21 17:18:59.616087
d8c0ecc9-5034-466e-ab3c-9d5ba05c4d94	00000000-0000-0000-0000-000000000000	854c7986-b381-4928-83e1-3a1886f88c44	true	14206	2025-11-21 17:20:05.870442
df05672d-b015-4d43-a735-98f1891519af	00000000-0000-0000-0000-000000000000	891b75a3-ba62-4ec1-bb8b-bd276bd3089c	false	12970	2025-11-21 17:15:18.826417
e3223247-e289-4dd2-968c-520178d99ce2	00000000-0000-0000-0000-000000000000	6ed0f4dc-c7e6-470e-b800-2382df86bed4	false	4935	2025-11-09 15:28:10.225387
e3e8d5d8-97ba-4fa7-a348-69af5c614d5b	00000000-0000-0000-0000-000000000000	1cf1f536-817e-4110-bbdb-27ab7a36b518	false	24060	2025-11-16 10:50:57.034877
e604a403-c301-426c-8f69-eb445561c6ee	00000000-0000-0000-0000-000000000000	1ff4e6db-2004-42ea-8bf1-35e6f969a7a2	false	268653	2025-11-26 12:56:32.858068
e6aec153-4c5b-4e55-bf89-85d5fe309d4c	00000000-0000-0000-0000-000000000000	b76d1c9a-b3f4-41f5-8800-b1cf7bd8d87f	false	10458	2025-11-21 17:16:19.287091
e6f26261-e9ec-45b7-b362-31d754d18273	00000000-0000-0000-0000-000000000000	22f3ba9d-2c3f-4a91-96ab-581694762082	false	16534	2025-11-21 17:20:22.495893
e797e85f-df2e-486d-8268-f6fcb911537c	00000000-0000-0000-0000-000000000000	544e7fee-fc26-4b74-9d9f-acf070b478b0	false	7231	2025-11-09 15:27:44.218791
e8cd6901-ba1d-485e-98f6-dc68406c02f0	00000000-0000-0000-0000-000000000000	461b3948-6a5f-4eb6-af48-4dcdc6d9ef6d	false	2359	2025-11-09 15:28:22.573927
e9f493fd-e430-4d20-b072-16373b1c2a76	00000000-0000-0000-0000-000000000000	73f162dc-022a-465d-a8d6-a87cf6c64a61	false	76961	2025-11-12 12:27:23.246193
ec24f54b-092b-4c29-b058-e619843cb929	00000000-0000-0000-0000-000000000000	7e2bc890-2e2e-434c-937e-7da005bc670d	true	10595	2025-11-21 17:21:43.669617
ecefc645-a874-4510-b14f-6ced32bc995e	00000000-0000-0000-0000-000000000000	3650fe7b-dd42-4040-9e72-fdb2d60a4335	false	44693	2025-11-21 17:18:45.293115
eef15640-623a-42ef-b72f-aa91dd9569ad	00000000-0000-0000-0000-000000000000	59fce15e-c794-43a9-ab73-c881adf73d35	false	2403	2025-11-09 14:46:37.675279
ef953094-bbac-485f-8736-e4efd21f8ac3	00000000-0000-0000-0000-000000000000	b9c37fea-4d5c-4a76-8d73-5eb0048764f6	false	30265	2025-11-21 17:16:49.653864
f1ad35ed-e3ef-4b32-9e4c-31071d569c2f	00000000-0000-0000-0000-000000000000	214405a8-cc68-46cb-9958-b69506f791bc	false	9081	2025-11-21 17:15:37.835119
f4fc998a-e181-4add-808b-226dc2b30f61	00000000-0000-0000-0000-000000000000	371732a8-8c8f-45c5-a445-550f88c2e140	false	3943	2025-11-09 15:17:50.269351
f51fab94-4298-4aee-a255-fb6a1d668c13	00000000-0000-0000-0000-000000000000	70c44784-fa42-444e-82f1-38fdea45c71c	false	26611	2025-11-17 01:03:23.967527
f8b0c8c1-5580-4b10-a755-ea0e11b56f74	00000000-0000-0000-0000-000000000000	8ab133bb-d08c-4233-a5dd-63080b4dfa22	false	14715	2025-11-22 01:10:19.526524
f8b1d85e-e4e2-47e2-9106-36d1649e3804	00000000-0000-0000-0000-000000000000	62b2b2e8-0b65-4d8d-bffa-e5b49274823f	false	25603	2025-11-22 01:04:30.904341
fa122f47-a4bc-4264-a3d2-cf2bcf3edf2a	00000000-0000-0000-0000-000000000000	7d907cb5-a74d-4a69-9301-a62ee1148835	true	12689	2025-11-21 17:21:32.991923
fbb81e13-b077-403c-be46-dc819451c1fb	00000000-0000-0000-0000-000000000000	a1b1788b-6095-4ac1-82a5-2731dc2f2653	true	19139	2025-11-21 17:14:39.384019
fd2de154-b68e-4692-be91-cfd7932aec6d	00000000-0000-0000-0000-000000000000	c3618479-4a8c-477d-b8ed-fb63eb30e7bf	false	45672	2025-11-14 14:47:41.830185
fec62130-388d-4c25-94a0-ecb52fd63033	00000000-0000-0000-0000-000000000000	159277c4-6d53-4ac3-a99c-103f8da76515	true	11614	2025-11-21 17:19:11.32396
fed3fee2-1fb3-4c84-bb4b-e4569301a88b	00000000-0000-0000-0000-000000000000	854c7986-b381-4928-83e1-3a1886f88c44	false	12019	2025-11-26 12:51:29.410955
